{
	"manifest_version": 2,
	"name": "Mark My Search",
	"description": "Highlight searched keywords. Find matches instantly.",
	"version": "1.7.4",

	"browser_specific_settings": {
		"gecko": {
			"id": "{3c87dcad-dbbd-4be1-b07b-b6d0739b0aec}"
		}
	},

	"icons": {
		"48": "/icons/mms.svg",
		"96": "/icons/mms.svg"
	},

	"permissions": [
		"*://*/*",
		"tabs",
		"storage",
		"search",
		"contextMenus"
	],

	"optional_permissions": [
		"bookmarks"
	],

	"background": {
		"persistent": false,
		"scripts": [
			"/dist/manage-storage.js",
			"/dist/stem-pattern-find.js",
			"/dist/diacritic-pattern.js",
			"/dist/shared-content.js",
			"/dist/background.js"
		]
	},

	"options_ui": {
		"page": "/pages/options.html",
		"browser_style": true
	},

	"browser_action": {
		"default_icon": "/icons/mms.svg",
		"default_title": "Mark My Search",
		"default_popup": "/pages/popup.html"
	},

	"web_accessible_resources": [
		"/icons/close.svg",
		"/icons/search.svg",
		"/icons/show.svg",
		"/icons/create.svg",
		"/icons/delete.svg",
		"/icons/edit.svg",
		"/icons/reveal.svg"
	],

	"commands": {
		"toggle-research-tab": {
			"suggested_key": { "default": "Alt+Shift+M" },
			"description": "Find in current tab"
		},
		"toggle-research-global": {
			"description": "Enable/disable automatic web search marking"
		},
		"toggle-bar": {
			"description": "Show/hide toolbar"
		},
		"toggle-highlights": {
			"suggested_key": { "default": "Alt+Shift+D" },
			"description": "Show/hide highlighting"
		},
		"toggle-select": {
			"description": "Enable/disable sticky term jumping mode"
		},
		"focus-term-append": {
			"description": "Focus input for appending a term"
		},
		"advance-global": {
			"suggested_key": { "default": "Alt+Space" },
			"description": "Jump to next mark in page"
		},
		"advance-global-reverse": {
			"suggested_key": { "default": "Alt+Shift+Space" },
			"description": "Jump to previous mark in page"
		},
		"select-term-0": { "description": "Jump to next for 1st term" },
		"select-term-1": { "description": "Jump to next for 2nd term" },
		"select-term-2": { "description": "Jump to next for 3rd term" },
		"select-term-3": { "description": "Jump to next for 4th term" },
		"select-term-4": { "description": "Jump to next for 5th term" },
		"select-term-5": { "description": "Jump to next for 6th term" },
		"select-term-6": { "description": "Jump to next for 7th term" },
		"select-term-7": { "description": "Jump to next for 8th term" },
		"select-term-8": { "description": "Jump to next for 9th term" },
		"select-term-9": { "description": "Jump to next for 10th term" },
		"select-term-0-reverse": { "description": "Jump to previous for 1st term" },
		"select-term-1-reverse": { "description": "Jump to previous for 2nd term" },
		"select-term-2-reverse": { "description": "Jump to previous for 3rd term" },
		"select-term-3-reverse": { "description": "Jump to previous for 4th term" },
		"select-term-4-reverse": { "description": "Jump to previous for 5th term" },
		"select-term-5-reverse": { "description": "Jump to previous for 6th term" },
		"select-term-6-reverse": { "description": "Jump to previous for 7th term" },
		"select-term-7-reverse": { "description": "Jump to previous for 8th term" },
		"select-term-8-reverse": { "description": "Jump to previous for 9th term" },
		"select-term-9-reverse": { "description": "Jump to previous for 10th term" }
	}
}
